date_time,label,text
"2025-06-26 12:12:12.123456",0,"ага, как же"
"2025-06-26 12:12:12.123456",0,"да, но нет"
"2025-06-26 12:12:12.123456",0,"да, но не хочу"
"2025-06-26 12:12:12.123456",0,"да, но не могу"
"2025-06-26 12:12:12.123456",0,"да, но не стоит"
"2025-06-26 12:12:12.123456",0,"да, но не сейчас"
"2025-06-26 12:12:12.123456",0,"да, но не сегодня"
"2025-06-26 12:12:12.123456",0,"да, но не в этот раз"
"2025-06-26 12:12:12.123456",0,"да, но не тут"
"2025-06-26 12:12:12.123456",0,"да, но не так"
"2025-06-26 12:12:12.123456",0,"да, но не совсем"
"2025-06-26 12:12:12.123456",0,"да, но не уверен"
"2025-06-26 12:12:12.123456",0,"да, но не для меня"
"2025-06-26 12:12:12.123456",0,"да, но лучше не надо"
"2025-06-26 12:12:12.123456",0,"да, но я передумал"
"2025-06-26 12:12:12.123456",0,"да, но только не сейчас"
"2025-06-26 12:12:12.123456",0,"да нет"
"2025-06-26 12:12:12.123456",0,"да, нет, наверное"
"2025-06-26 12:12:12.123456",0,"да, прямо сейчас"
"2025-06-26 12:12:12.123456",0,"даже не думай"
"2025-06-26 12:12:12.123456",0,"ещё чего"
"2025-06-26 12:12:12.123456",0,"забудь"
"2025-06-26 12:12:12.123456",0,"зависит"
"2025-06-26 12:12:12.123456",0,"конечно, нет"
"2025-06-26 12:12:12.123456",0,"конечно, нет проблем"
"2025-06-26 12:12:12.123456",0,"мечтай"
"2025-06-26 12:12:12.123456",0,"не"
"2025-06-26 12:12:12.123456",0,"неа"
"2025-06-26 12:12:12.123456",0,"неа, не стоит"
"2025-06-26 12:12:12.123456",0,"не буду"
"2025-06-26 12:12:12.123456",0,"не готов"
"2025-06-26 12:12:12.123456",0,"не знаю"
"2025-06-26 12:12:12.123456",0,"не могу"
"2025-06-26 12:12:12.123456",0,"не надо"
"2025-06-26 12:12:12.123456",0,"не согласен"
"2025-06-26 12:12:12.123456",0,"не согласна"
"2025-06-26 12:12:12.123456",0,"не сейчас"
"2025-06-26 12:12:12.123456",0,"не хочет"
"2025-06-26 12:12:12.123456",0,"не хочу"
"2025-06-26 12:12:12.123456",0,"не уверен"
"2025-06-26 12:12:12.123456",0,"нет"
"2025-06-26 12:12:12.123456",0,"нет, никогда"
"2025-06-26 12:12:12.123456",0,"нет, ни за что"
"2025-06-26 12:12:12.123456",0,"нет, не надо"
"2025-06-26 12:12:12.123456",0,"нет, спасибо"
"2025-06-26 12:12:12.123456",0,"никак нет"
"2025-06-26 12:12:12.123456",0,"ни за что"
"2025-06-26 12:12:12.123456",0,"ни в коем случае"
"2025-06-26 12:12:12.123456",0,"отказ"
"2025-06-26 12:12:12.123456",0,"отказываюсь"
"2025-06-26 12:12:12.123456",0,"отнюдь"
"2025-06-26 12:12:12.123456",0,"очень сомневаюсь"
"2025-06-26 12:12:12.123456",0,"подумаю"
"2025-06-26 12:12:12.123456",0,"позже"
"2025-06-26 12:12:12.123456",0,"посмотрим"
"2025-06-26 12:12:12.123456",0,"скорее нет, чем да"
"2025-06-26 12:12:12.123456",0,"спросите позже"
"2025-06-26 12:12:12.123456",0,"хотя нет, передумал"
"2025-06-26 12:12:12.123456",0,"хотел бы, но нет"
"2025-06-26 12:12:12.123456",0,"я бы сказал да, но нет"
"2025-06-26 12:12:12.123456",0,"вряд ли"
"2025-06-26 12:12:12.123456",0,"да, я отказываюсь"
"2025-06-26 12:12:12.123456",0,"да, я не хочу"
"2025-06-26 12:12:12.123456",0,"да, я не приду"
"2025-06-26 12:12:12.123456",0,"не хотелось бы приходить"
"2025-06-26 12:12:12.123456",0,"да ну, в пизду, я не приду"
"2025-06-26 12:12:12.123456",0,"да ну, в пизду, я не хочу приходить"
"2025-06-26 12:12:12.123456",1,"абсолютно"
"2025-06-26 12:12:12.123456",1,"ага"
"2025-06-26 12:12:12.123456",1,"без проблем"
"2025-06-26 12:12:12.123456",1,"без сомнений"
"2025-06-26 12:12:12.123456",1,"безусловно"
"2025-06-26 12:12:12.123456",1,"возможно"
"2025-06-26 12:12:12.123456",1,"в конечном итоге да"
"2025-06-26 12:12:12.123456",1,"всё верно"
"2025-06-26 12:12:12.123456",1,"да"
"2025-06-26 12:12:12.123456",1,"да, но только если..."
"2025-06-26 12:12:12.123456",1,"да, конечно"
"2025-06-26 12:12:12.123456",1,"да, ладно"
"2025-06-26 12:12:12.123456",1,"да, пожалуйста"
"2025-06-26 12:12:12.123456",1,"да, согласен"
"2025-06-26 12:12:12.123456",1,"да, уверен"
"2025-06-26 12:12:12.123456",1,"да, точно"
"2025-06-26 12:12:12.123456",1,"да, хоть сейчас"
"2025-06-26 12:12:12.123456",1,"да, но да"
"2025-06-26 12:12:12.123456",1,"дa"
"2025-06-26 12:12:12.123456",1,"естественно"
"2025-06-26 12:12:12.123456",1,"именно так"
"2025-06-26 12:12:12.123456",1,"конечно"
"2025-06-26 12:12:12.123456",1,"конечно, да"
"2025-06-26 12:12:12.123456",1,"легко"
"2025-06-26 12:12:12.123456",1,"может быть"
"2025-06-26 12:12:12.123456",1,"наверное"
"2025-06-26 12:12:12.123456",1,"не отказываюсь, да"
"2025-06-26 12:12:12.123456",1,"не откажусь"
"2025-06-26 12:12:12.123456",1,"не отказываюсь"
"2025-06-26 12:12:12.123456",1,"не против"
"2025-06-26 12:12:12.123456",1,"не хочу, но да"
"2025-06-26 12:12:12.123456",1,"не возражаю"
"2025-06-26 12:12:12.123456",1,"не думаю, что нет"
"2025-06-26 12:12:12.123456",1,"не знаю, но наверное да"
"2025-06-26 12:12:12.123456",1,"не могу отказаться"
"2025-06-26 12:12:12.123456",1,"не могу сказать нет"
"2025-06-26 12:12:12.123456",1,"не отказался бы"
"2025-06-26 12:12:12.123456",1,"не скажу что нет"
"2025-06-26 12:12:12.123456",1,"не совсем нет"
"2025-06-26 12:12:12.123456",1,"не то чтобы нет"
"2025-06-26 12:12:12.123456",1,"не то чтобы я отказался"
"2025-06-26 12:12:12.123456",1,"не уверен, но да"
"2025-06-26 12:12:12.123456",1,"не я не против"
"2025-06-26 12:12:12.123456",1,"нет, да ладно"
"2025-06-26 12:12:12.123456",1,"нет, но если надо да"
"2025-06-26 12:12:12.123456",1,"нет, но да"
"2025-06-26 12:12:12.123456",1,"но я всё же да"
"2025-06-26 12:12:12.123456",1,"ок"
"2025-06-26 12:12:12.123456",1,"окей"
"2025-06-26 12:12:12.123456",1,"подтверждаю"
"2025-06-26 12:12:12.123456",1,"приду"
"2025-06-26 12:12:12.123456",1,"разумеется"
"2025-06-26 12:12:12.123456",1,"с радостью"
"2025-06-26 12:12:12.123456",1,"скорее да, чем нет"
"2025-06-26 12:12:12.123456",1,"согласен"
"2025-06-26 12:12:12.123456",1,"согласна"
"2025-06-26 12:12:12.123456",1,"угу"
"2025-06-26 12:12:12.123456",1,"хочу"
"2025-06-26 12:12:12.123456",1,"хорошо"
"2025-06-26 12:12:12.123456",1,"я бы не сказал нет"
"2025-06-26 12:12:12.123456",1,"я не против"
"2025-06-26 12:12:12.123456",1,"бесспорно"
"2025-06-26 12:12:12.123456",1,"конечно же"
"2025-06-26 12:12:12.123456",1,"без возражений"
"2025-06-26 12:12:12.123456",1,"с удовольствием"
"2025-06-26 12:12:12.123456",1,"охотно"
"2025-06-26 12:12:12.123456",1,"несомненно"
"2025-06-26 12:12:12.123456",1,"стопроцентно"
"2025-06-26 12:12:12.123456",1,"безусловно да"
"2025-06-26 12:12:12.123456",1,"да без вопросов"
"2025-06-26 12:12:12.123456",1,"да запросто"
"2025-06-26 12:12:12.123456",1,"да легко"
"2025-06-26 12:12:12.123456",1,"да не вопрос"
"2025-06-26 12:12:12.123456",1,"да отчего же"
"2025-06-26 12:12:12.123456",1,"да пожалуй"
"2025-06-26 12:12:12.123456",1,"да с радостью"
"2025-06-26 12:12:12.123456",1,"да чего уж там"
"2025-06-26 12:12:12.123456",1,"да я за"
"2025-06-26 12:12:12.123456",1,"да я согласен"
"2025-06-26 12:12:12.123456",1,"да я согласна"
"2025-06-26 12:12:12.123456",1,"да без колебаний"
"2025-06-26 12:12:12.123456",1,"да без сомнений"
"2025-06-26 12:12:12.123456",1,"да безусловно"
"2025-06-26 12:12:12.123456",1,"да естественно"
"2025-06-26 12:12:12.123456",1,"да иначе и быть не может"
"2025-06-26 12:12:12.123456",1,"да конечно же"
"2025-06-26 12:12:12.123456",1,"да куда ж без этого"
"2025-06-26 12:12:12.123456",1,"да несомненно"
"2025-06-26 12:12:12.123456",1,"да почему бы и нет"
"2025-06-26 12:12:12.123456",1,"да разумеется"
"2025-06-26 12:12:12.123456",1,"да само собой"
"2025-06-26 12:12:12.123456",1,"да это точно"
"2025-06-26 12:12:12.123456",1,"да я в восторге"
"2025-06-26 12:12:12.123456",1,"да я за вас"
"2025-06-26 12:12:12.123456",1,"да я не против"
"2025-06-26 12:12:12.123456",1,"да я только за"
"2025-06-26 12:12:12.123456",1,"да я целиком за"
"2025-06-26 12:12:12.123456",1,"да я полностью согласен"
"2025-06-26 12:12:12.123456",1,"да я полностью согласна"
"2025-06-26 12:12:12.123456",1,"да я всем сердцем за"
"2025-06-26 12:12:12.123456",1,"да я всей душой за"
"2025-06-26 12:12:12.123456",1,"да я горячо поддерживаю"
"2025-06-26 12:12:12.123456",1,"да я полностью поддерживаю"
"2025-06-26 12:12:12.123456",1,"да я стопроцентно за"
"2025-06-26 12:12:12.123456",1,"да я твердо за"
"2025-06-26 12:12:12.123456",1,"да я уверен в этом"
"2025-06-26 12:12:12.123456",1,"да я уверена в этом"
"2025-06-26 12:12:12.123456",1,"да я убежден в этом"
"2025-06-26 12:12:12.123456",1,"да я убеждена в этом"
"2025-06-26 12:12:12.123456",1,"да я не сомневаюсь"
"2025-06-26 12:12:12.123456",1,"да я не колеблюсь"
"2025-06-26 12:12:12.123456",1,"нет, не отказываюсь, да"
"2025-06-26 12:12:12.123456",1,"нет, я не для того записывался"
"2025-06-26 12:12:12.123456",1,"нет, я не для того записывался, да"
"2025-06-26 12:12:12.123456",1,"да нет, я конечно приду"
"2025-06-26 12:12:12.123456",1,"нет, я конечно приду, да, да"
"2025-06-26 12:12:12.123456",1,"нет, я приду"
"2025-06-26 12:12:12.123456",1,"нет, я не отказываюсь"
"2025-06-26 12:12:12.123456",1,"нет, не отказываюсь"
"2025-06-26 12:12:12.123456",1,"все заебись, я приду"
"2025-06-26 12:12:12.123456",1,"заебись, я приду"
"2025-06-26 12:12:12.123456",1,"ты заебал, я приду"
"2025-06-26 12:12:12.123456",1,"согласен прийти"
"2025-06-26 12:12:12.123456",2,"иди на хуй"
"2025-06-26 12:12:12.123456",2,"не пизди"
"2025-06-26 12:12:12.123456",2,"иди в пизду"
"2025-06-26 12:12:12.123456",2,"на хуй"
"2025-06-26 12:12:12.123456",2,"пошла в жопу"
"2025-06-26 12:12:12.123456",2,"иди в жопу"
"2025-06-26 12:12:12.123456",2,"заебали"
"2025-06-26 12:12:12.123456",2,"нахуй"
"2025-06-26 12:12:12.123456",2,"нахуя"
"2025-06-26 12:12:12.123456",2,"нахуя мне это нужно"
"2025-06-26 12:12:12.123456",2,"нахуя мне это надо"
"2025-06-26 12:12:12.123456",2,"нахуй, я не приду"
"2025-06-26 12:12:12.123456",2,"отвалите"
"2025-06-26 12:12:12.123456",2,"заебали мне звонить"
"2025-06-26 12:12:12.123456",2,"мне до пизды"
"2025-06-26 12:12:12.123456",3,"я хочу записаться к врачу"
"2025-06-26 12:12:12.123456",3,"мне нужно записаться на приём к доктору"
"2025-06-26 12:12:12.123456",3,"как мне попасть к врачу"
"2025-06-26 12:12:12.123456",3,"мне нужно к врачу, как записаться"
"2025-06-26 12:12:12.123456",3,"хочу записаться на приём к специалисту"
"2025-06-26 12:12:12.123456",3,"мне необходимо попасть на консультацию к врачу"
"2025-06-26 12:12:12.123456",3,"как можно записаться к доктору"
"2025-06-26 12:12:12.123456",3,"нужен приём у врача, как оформить"
"2025-06-26 12:12:12.123456",3,"мне бы к врачу сходить, как записаться"
"2025-06-26 12:12:12.123456",3,"хотел бы попасть на приём к врачу"
"2025-06-26 12:12:12.123456",3,"можно ли записаться к врачу"
"2025-06-26 12:12:12.123456",3,"как попасть на приём к доктору"
"2025-06-26 12:12:12.123456",3,"нужно записаться к врачу, подскажите как"
"2025-06-26 12:12:12.123456",3,"как оформить запись к врачу"
"2025-06-26 12:12:12.123456",3,"можно ли записаться через интернет"
"2025-06-26 12:12:12.123456",3,"как оформить запись через госуслуги"
"2025-06-26 12:12:12.123456",3,"как записаться через мобильное приложение"
"2025-06-26 12:12:12.123456",3,"как записаться через регистратуру"
"2025-06-26 12:12:12.123456",3,"можно ли записаться лично в поликлинике"
"2025-06-26 12:12:12.123456",3,"есть ли возможность записаться на сегодня"
"2025-06-26 12:12:12.123456",3,"нужен срочный приём, что делать"
"2025-06-26 12:12:12.123456",3,"как записаться без очереди"
"2025-06-26 12:12:12.123456",3,"мне нужно продлить рецепт, как записаться"
"2025-06-26 12:12:12.123456",3,"как записаться на обследование"
"2025-06-26 12:12:12.123456",3,"как записаться на диспансеризацию"
"2025-06-26 12:12:12.123456",3,"как попасть на повторный приём"
"2025-06-26 12:12:12.123456",3,"какие документы нужны для записи"
"2025-06-26 12:12:12.123456",3,"можно ли записаться без полиса"
"2025-06-26 12:12:12.123456",3,"ожно ли записаться на завтра"
"2025-06-26 12:12:12.123456",3,"можно ли перенести приём"
"2025-06-26 12:12:12.123456",3,"будьте добры, запишите меня к врачу"
"2025-06-26 12:12:12.123456",3,"как узнать расписание врача"
"2025-06-26 12:12:12.123456",3,"можно ли попасть к врачу в день обращения"
"2025-06-26 12:12:12.123456",3,"нужна справка от врача, как оформить"
"2025-06-26 12:12:12.123456",3,"мне нужен стоматолог, как записаться"
"2025-06-26 12:12:12.123456",3,"хочу попасть к гинекологу/урологу"
"2025-06-26 12:12:12.123456",3,"нужен лор, как оформить запись"
"2025-06-26 12:12:12.123456",3,"нужен педиатр для ребёнка, как записаться"
"2025-06-26 12:12:12.123456",3,"нужен онколог, как оформить запись"
"2025-06-26 12:12:12.123456",3,"хочу консультацию у эндокринолога"
"2025-06-26 12:12:12.123456",4,"мне нужно вызвать врача на дом"
"2025-06-26 12:12:12.123456",4,"как вызвать доктора домой"
"2025-06-26 12:12:12.123456",4,"хочу, чтобы врач пришел ко мне домой"
"2025-06-26 12:12:12.123456",4,"можно ли вызвать врача на дом"
"2025-06-26 12:12:12.123456",4,"как оформить вызов врача на дом"
"2025-06-26 12:12:12.123456",4,"нужен врач на дом, куда звонить"
"2025-06-26 12:12:12.123456",4,"как получить медицинскую помощь на дому"
"2025-06-26 12:12:12.123456",4,"мне необходим визит врача на дом"
"2025-06-26 12:12:12.123456",4,"как записаться на домашний визит врача"
"2025-06-26 12:12:12.123456",4,"кто может вызвать врача на дом"
"2025-06-26 12:12:12.123456",4,"я плохо себя чувствую, нужно вызвать врача"
"2025-06-26 12:12:12.123456",4,"не могу выйти из дома, нужен врач"
"2025-06-26 12:12:12.123456",4,"как оформить постоянный патронаж"
"2025-06-26 12:12:12.123456",4,"можно ли указать удобное время"
"2025-06-26 12:12:12.123456",4,"нужен врач для лежачего больного"
"2025-06-26 12:12:12.123456",4,"как оформить вызов через госуслуги"
"2025-06-26 12:12:12.123456",4,"как оставить заявку на вызов врача"
"2025-06-26 12:12:12.123456",4,"как вызвать педиатра для ребёнка"
"2025-06-26 12:12:12.123456",4,"нужен логопед для занятий на дому"
"2025-06-26 12:12:12.123456",4,"нужен ли полис для вызова врача"
"2025-06-26 12:12:12.123456",4,"какие документы нужны для вызова"
"2025-06-26 12:12:12.123456",4,"нужно ли направление для вызова врача"
"2025-06-26 12:12:12.123456",4,"можете ли вы помочь с вызовом врача"
"2025-06-26 12:12:12.123456",4,"есть ли льготы на вызов врача"
"2025-06-26 12:12:12.123456",4,"нужен врач для оформления инвалидности"
"2025-06-26 12:12:12.123456",4,"есть ли мобильное приложение для вызова врача"
"2025-06-26 12:12:12.123456",4,"как вызвать скорую, если не экстренно"
"2025-06-26 12:12:12.123456",4,"что делать, если врач не приехал"
"2025-06-26 12:12:12.123456",4,"нужен контроль врача после выписки"
"2025-06-26 12:12:12.123456",4,"можно ли взять анализы дома"
"2025-06-26 12:12:12.123456",4,"сколько ждать врача"
"2025-06-26 12:12:12.123456",4,"вызывают ли врачей вечером"
"2025-06-26 12:12:12.123456",1,"как быстро может приехать врач"
"2025-06-26 12:12:12.123456",2,"как быстро может приехать врач"
"2025-06-26 12:12:12.123456",3,"как быстро может приехать врач"
"2025-07-02 18:33:40.643524",0,"да нет, наверное"
"2025-07-02 18:37:28.370446",1,"да, я не для того записывался"
"2025-07-02 18:37:28.370446",4,"как получить консультацию на дому"
"2025-07-02 18:37:28.370446",0,"да нет, наверное"
