date_time,label,category
"2025-06-26 12:12:12.123456",0,"api initial category"
"2025-08-22 18:38:10.583537",1,"врач-эндоскопист"
"2025-08-24 02:10:14.699259",2,"врач-хирург"
"2025-08-24 11:36:52.360693",3,"врач-кардиолог"
"2025-08-24 11:39:55.764397",4,"врач-колопроктолог"
"2025-08-24 11:41:20.638153",5,"логопед"
"2025-08-24 11:55:31.323656",6,"врач-нефролог"
"2025-08-24 11:58:06.532908",7,"врач-онколог"
"2025-08-24 19:34:28.103604",8,"врач-ревматолог"
"2025-08-25 15:22:03.614035",9,"врач общей практики (семейный врач)"
"2025-08-25 15:22:13.387276",10,"врач ультразвуковой диагностики"
"2025-08-25 15:22:28.162774",11,"врач-профпатолог"
"2025-08-26 22:59:22.769701",12,"врач-невролог"
"2025-09-05 23:43:05.453150",13,"вызов скорой помощи"
"2025-09-05 23:43:05.453150",14,"врач-терапевт"
"2025-09-29 17:02:11.521139",15,"cat-1"
"2025-09-29 17:02:11.521139",16,"cat-2"
"2025-09-30 17:25:45.102718",17,"cat-3"
